[
  {
    "ParameterKey": "VpcCIDRBLOCK",
    "ParameterValue": "172.19.102.0/24"
  },
  {
    "ParameterKey": "ControlledSubnetACIDRBLOCK",
    "ParameterValue": "172.19.102.0/27"
  },
  {
    "ParameterKey": "ControlledSubnetBCIDRBLOCK",
    "ParameterValue": "172.19.102.32/27"
  },
  {
    "ParameterKey": "RestrictedSubnetACIDRBLOCK",
    "ParameterValue": "172.19.102.64/26"
  },
  {
    "ParameterKey": "RestrictedSubnetBCIDRBLOCK",
    "ParameterValue": "172.19.102.128/26"
  },
  {
    "ParameterKey": "SecuredSubnetACIDRBLOCK",
    "ParameterValue": "172.19.102.192/27"
  },
  {
    "ParameterKey": "SecuredSubnetBCIDRBLOCK",
    "ParameterValue": "172.19.102.224/27"
  },
  {
    "ParameterKey": "NatGatewayRequired",
    "ParameterValue": "Yes"
  },
  {
    "ParameterKey": "OnPremConnectionRequired",
    "ParameterValue": "Yes"
  },
  {
    "ParameterKey": "AzureConnectionRequired",
    "ParameterValue": "Yes"
  },
  {
    "ParameterKey": "DhcpScopeSetRequired",
    "ParameterValue": "Yes"
  },
  {
    "ParameterKey": "TransitGatewayId",
    "ParameterValue": "$[alfred_ssm_/TransitGatewayId]"
  },
  {
    "ParameterKey": "TagEnvironment",
    "ParameterValue": "Production"
  },
  {
    "ParameterKey": "TagBusinessOwner",
    "ParameterValue": "Shaheen Saud"
  },
  {
    "ParameterKey": "TagCreator",
    "ParameterValue": "NTINF"
  },
  {
    "ParameterKey": "TagDescription",
    "ParameterValue": "Production Account For Data Analytics Team"
  },
  {
    "ParameterKey": "TagChangeRequest",
    "ParameterValue": "CRXXXXXX"
  },
  {
    "ParameterKey": "TagTechinicalOwner",
    "ParameterValue": "Servian Team"
  }
]