{
  "Parameters": {
    "SAAccountId": "312192547366",
    "ProjectName": "elite",
    "RedshiftSecret": "Redshift",
    "TagEnvironment": "Production",
    "Env" : "prod",
    "Dirname" : "jedox",
    "TagName": "Data Analytics Core Stack",
    "TagCostcenter": "Finance",
    "TagBusinessowner": "Information Technology",
    "TagRequestor": "Paul Harmat",
    "TagMatter": "Data Analytics Core Stack",
    "TagCreator": "Oleg Smirnov",
    "TagDescription": "Data Analytics Core Stack",
    "TagTechnicalowner": "Servian",
    "KmsKeyOwner": "arn:aws:iam::926513825469:role/aws-reserved/sso.amazonaws.com/ap-southeast-2/AWSReservedSSO_AWSAdministratorAccess_bf8c365abe0e33a9",
    "KmsKeyAdmin": "arn:aws:iam::926513825469:role/aws-reserved/sso.amazonaws.com/ap-southeast-2/AWSReservedSSO_AWSAdministratorAccess_bf8c365abe0e33a9",
    "KmsKeyUser": "arn:aws:iam::926513825469:role/prod-me-da-roles-cloudformation"
  },
  "Tags": {
    "Environment": "Production",
    "Name": "Data Analytics Core Stack",
    "Cost Center": "Finance",
    "Business Owner": "Information Technology",
    "Requestor": "Paul Harmat",
    "Matter": "Data Analytics Core Stack",
    "Creator": "Oleg Smirnov",
    "Description": "Data Analytics Core Stack",
    "Technical Owner": "Servian"
  }
}
