{
    "Version": "2012-10-17",
    "Statement": [
        {
            "NotAction": [
                "a4b:*",
                "acm:*",
                "aws-marketplace-management:*",
                "aws-marketplace:*",
                "aws-portal:*",
                "awsbillingconsole:*",
                "budgets:*",
                "ce:*",
                "chime:*",
                "cloudfront:*",
                "config:*",
                "cur:*",
                "directconnect:*",
                "datapipeline:*",
                "ec2:DescribeRegions",
                "ec2:DescribeTransitGateways",
                "ec2:DescribeVpnGateways",
                "fms:*",
                "globalaccelerator:*",
                "health:*",
                "iam:*",
                "importexport:*",
                "kms:*",
                "mobileanalytics:*",
                "networkmanager:*",
                "organizations:*",
                "pricing:*",
                "route53:*",
                "route53domains:*",
                "s3:GetAccountPublic*",
                "s3:ListAllMyBuckets",
                "s3:PutAccountPublic*",
                "shield:*",
                "sts:*",
                "support:*",
                "trustedadvisor:*",
                "waf-regional:*",
                "waf:*",
                "wafv2:*",
                "wellarchitected:*"
            ],
            "Resource": "*",
            "Effect": "Deny",
            "Sid": "WhitelistRegions",
            "Condition": {
                "StringNotEquals": {
                    "aws:RequestedRegion": [
                        "ap-southeast-2",
                        "us-east-1",
                        "us-east-2",
                        "us-west-1",
                        "us-west-2"
                    ]
                }
            }
        }
    ]
}