{
  "$schema": "https://schema.management.azure.com/schemas/2015-01-01/deploymentTemplate.json#",
  "contentVersion": "1.0.0.0",

  "parameters": {

    "vmname": {
      "type": "string",
      "metadata": {
      "description": "VM Name"
      }
    },

    "vmsize": {
      "type": "string",
      "defaultValue": "Standard_D2s_v3",
      "allowedValues": [
        "Standard_D2ds_v4",
        "Standard_D4ds_v4",
        "Standard_D8ds_v4",
        "Standard_D16ds_v4",
        "Standard_D32ds_v4",
        "Standard_D48ds_v4",
        "Standard_D64ds_v4",
        "Standard_D2ds_v5",
        "Standard_D4ds_v5",
        "Standard_D8ds_v5",
        "Standard_D16ds_v5",
        "Standard_D32ds_v5",
        "Standard_D48ds_v5",
        "Standard_D64ds_v5",
        "Standard_D96ds_v5",
        "Standard_D2d_v4",
        "Standard_D4d_v4",
        "Standard_D8d_v4",
        "Standard_D16d_v4",
        "Standard_D32d_v4",
        "Standard_D48d_v4",
        "Standard_D64d_v4",
        "Standard_D2d_v5",
        "Standard_D4d_v5",
        "Standard_D8d_v5",
        "Standard_D16d_v5",
        "Standard_D32d_v5",
        "Standard_D48d_v5",
        "Standard_D64d_v5",
        "Standard_D96d_v5",
        "Standard_DS1_v2",
        "Standard_DS2_v2",
        "Standard_DS3_v2",
        "Standard_DS4_v2",
        "Standard_DS5_v2",
        "Standard_DS11-1_v2",
        "Standard_DS11_v2",
        "Standard_DS12-1_v2",
        "Standard_DS12-2_v2",
        "Standard_DS12_v2",
        "Standard_DS13-2_v2",
        "Standard_DS13-4_v2",
        "Standard_DS13_v2",
        "Standard_DS14-4_v2",
        "Standard_DS14-8_v2",
        "Standard_DS14_v2",
        "Standard_DS15_v2",
        "Standard_DS2_v2_Promo",
        "Standard_DS3_v2_Promo",
        "Standard_DS4_v2_Promo",
        "Standard_DS5_v2_Promo",
        "Standard_DS11_v2_Promo",
        "Standard_DS12_v2_Promo",
        "Standard_DS13_v2_Promo",
        "Standard_DS14_v2_Promo",
        "Standard_D2s_v3",
        "Standard_D4s_v3",
        "Standard_D8s_v3",
        "Standard_D16s_v3",
        "Standard_D32s_v3",
        "Standard_D48s_v3",
        "Standard_D64s_v3",
        "Standard_D2s_v4",
        "Standard_D4s_v4",
        "Standard_D8s_v4",
        "Standard_D16s_v4",
        "Standard_D32s_v4",
        "Standard_D48s_v4",
        "Standard_D64s_v4",
        "Standard_D2s_v5",
        "Standard_D4s_v5",
        "Standard_D8s_v5",
        "Standard_D16s_v5",
        "Standard_D32s_v5",
        "Standard_D48s_v5",
        "Standard_D64s_v5",
        "Standard_D96s_v5",
        "Standard_D1_v2",
        "Standard_D2_v2",
        "Standard_D3_v2",
        "Standard_D4_v2",
        "Standard_D5_v2",
        "Standard_D11_v2",
        "Standard_D12_v2",
        "Standard_D13_v2",
        "Standard_D14_v2",
        "Standard_D15_v2",
        "Standard_D2_v2_Promo",
        "Standard_D3_v2_Promo",
        "Standard_D4_v2_Promo",
        "Standard_D5_v2_Promo",
        "Standard_D11_v2_Promo",
        "Standard_D12_v2_Promo",
        "Standard_D13_v2_Promo",
        "Standard_D14_v2_Promo",
        "Standard_D2_v3",
        "Standard_D4_v3",
        "Standard_D8_v3",
        "Standard_D16_v3",
        "Standard_D32_v3",
        "Standard_D48_v3",
        "Standard_D64_v3",
        "Standard_D2_v4",
        "Standard_D4_v4",
        "Standard_D8_v4",
        "Standard_D16_v4",
        "Standard_D32_v4",
        "Standard_D48_v4",
        "Standard_D64_v4",
        "Standard_D2_v5",
        "Standard_D4_v5",
        "Standard_D8_v5",
        "Standard_D16_v5",
        "Standard_D32_v5",
        "Standard_D48_v5",
        "Standard_D64_v5",
        "Standard_D96_v5",
        "Standard_E2ds_v4",
        "Standard_E4-2ds_v4",
        "Standard_E4ds_v4",
        "Standard_E8-2ds_v4",
        "Standard_E8-4ds_v4",
        "Standard_E8ds_v4",
        "Standard_E16-4ds_v4",
        "Standard_E16-8ds_v4",
        "Standard_E16ds_v4",
        "Standard_E20ds_v4",
        "Standard_E32-8ds_v4",
        "Standard_E32-16ds_v4",
        "Standard_E32ds_v4",
        "Standard_E48ds_v4",
        "Standard_E64-16ds_v4",
        "Standard_E64-32ds_v4",
        "Standard_E64ds_v4",
        "Standard_E2ds_v5",
        "Standard_E4-2ds_v5",
        "Standard_E4ds_v5",
        "Standard_E8-2ds_v5",
        "Standard_E8-4ds_v5",
        "Standard_E8ds_v5",
        "Standard_E16-4ds_v5",
        "Standard_E16-8ds_v5",
        "Standard_E16ds_v5",
        "Standard_E20ds_v5",
        "Standard_E32-8ds_v5",
        "Standard_E32-16ds_v5",
        "Standard_E32ds_v5",
        "Standard_E48ds_v5",
        "Standard_E64-16ds_v5",
        "Standard_E64-32ds_v5",
        "Standard_E64ds_v5",
        "Standard_E96-24ds_v5",
        "Standard_E96-48ds_v5",
        "Standard_E96ds_v5",
        "Standard_E104ids_v5",
        "Standard_E2d_v4",
        "Standard_E4d_v4",
        "Standard_E8d_v4",
        "Standard_E16d_v4",
        "Standard_E20d_v4",
        "Standard_E32d_v4",
        "Standard_E48d_v4",
        "Standard_E64d_v4",
        "Standard_E2d_v5",
        "Standard_E4d_v5",
        "Standard_E8d_v5",
        "Standard_E16d_v5",
        "Standard_E20d_v5",
        "Standard_E32d_v5",
        "Standard_E48d_v5",
        "Standard_E64d_v5",
        "Standard_E96d_v5",
        "Standard_E104id_v5",
        "Standard_E2s_v3",
        "Standard_E4-2s_v3",
        "Standard_E4s_v3",
        "Standard_E8-2s_v3",
        "Standard_E8-4s_v3",
        "Standard_E8s_v3",
        "Standard_E16-4s_v3",
        "Standard_E16-8s_v3",
        "Standard_E16s_v3",
        "Standard_E20s_v3",
        "Standard_E32-8s_v3",
        "Standard_E32-16s_v3",
        "Standard_E32s_v3",
        "Standard_E48s_v3",
        "Standard_E64-16s_v3",
        "Standard_E64-32s_v3",
        "Standard_E64s_v3",
        "Standard_E2s_v4",
        "Standard_E4-2s_v4",
        "Standard_E4s_v4",
        "Standard_E8-2s_v4",
        "Standard_E8-4s_v4",
        "Standard_E8s_v4",
        "Standard_E16-4s_v4",
        "Standard_E16-8s_v4",
        "Standard_E16s_v4",
        "Standard_E20s_v4",
        "Standard_E32-8s_v4",
        "Standard_E32-16s_v4",
        "Standard_E32s_v4",
        "Standard_E48s_v4",
        "Standard_E64-16s_v4",
        "Standard_E64-32s_v4",
        "Standard_E64s_v4",
        "Standard_E2s_v5",
        "Standard_E4-2s_v5",
        "Standard_E4s_v5",
        "Standard_E8-2s_v5",
        "Standard_E8-4s_v5",
        "Standard_E8s_v5",
        "Standard_E16-4s_v5",
        "Standard_E16-8s_v5",
        "Standard_E16s_v5",
        "Standard_E20s_v5",
        "Standard_E32-8s_v5",
        "Standard_E32-16s_v5",
        "Standard_E32s_v5",
        "Standard_E48s_v5",
        "Standard_E64-16s_v5",
        "Standard_E64-32s_v5",
        "Standard_E64s_v5",
        "Standard_E96-24s_v5",
        "Standard_E96-48s_v5",
        "Standard_E96s_v5",
        "Standard_E104is_v5",
        "Standard_E2_v3",
        "Standard_E4_v3",
        "Standard_E8_v3",
        "Standard_E16_v3",
        "Standard_E20_v3",
        "Standard_E32_v3",
        "Standard_E48_v3",
        "Standard_E64_v3",
        "Standard_E2_v4",
        "Standard_E4_v4",
        "Standard_E8_v4",
        "Standard_E16_v4",
        "Standard_E20_v4",
        "Standard_E32_v4",
        "Standard_E48_v4",
        "Standard_E64_v4",
        "Standard_E2_v5",
        "Standard_E4_v5",
        "Standard_E8_v5",
        "Standard_E16_v5",
        "Standard_E20_v5",
        "Standard_E32_v5",
        "Standard_E48_v5",
        "Standard_E64_v5",
        "Standard_E96_v5",
        "Standard_E104i_v5",
        "Standard_E2bs_v5",
        "Standard_E4bs_v5",
        "Standard_E8bs_v5",
        "Standard_E16bs_v5",
        "Standard_E32bs_v5",
        "Standard_E48bs_v5",
        "Standard_E64bs_v5",
        "Standard_E2bds_v5",
        "Standard_E4bds_v5",
        "Standard_E8bds_v5",
        "Standard_E16bds_v5",
        "Standard_E32bds_v5",
        "Standard_E48bds_v5",
        "Standard_E64bds_v5",
        "Standard_B1ls",
        "Standard_B1ms",
        "Standard_B1s",
        "Standard_B2ms",
        "Standard_B2s",
        "Standard_B4ms",
        "Standard_B8ms",
        "Standard_B12ms",
        "Standard_B16ms",
        "Standard_B20ms",
        "Standard_F1",
        "Standard_F2",
        "Standard_F4",
        "Standard_F8",
        "Standard_F16",
        "Standard_F1s",
        "Standard_F2s",
        "Standard_F4s",
        "Standard_F8s",
        "Standard_F16s",
        "Standard_A1_v2",
        "Standard_A2m_v2",
        "Standard_A2_v2",
        "Standard_A4m_v2",
        "Standard_A4_v2",
        "Standard_A8m_v2",
        "Standard_A8_v2",
        "Standard_G1",
        "Standard_G2",
        "Standard_G3",
        "Standard_G4",
        "Standard_G5",
        "Standard_GS1",
        "Standard_GS2",
        "Standard_GS3",
        "Standard_GS4",
        "Standard_GS4-4",
        "Standard_GS4-8",
        "Standard_GS5",
        "Standard_GS5-8",
        "Standard_GS5-16",
        "Standard_L4s",
        "Standard_L8s",
        "Standard_L16s",
        "Standard_L32s",
        "Standard_E64i_v3",
        "Standard_E64is_v3",
        "Standard_M64",
        "Standard_M64m",
        "Standard_M128",
        "Standard_M128m",
        "Standard_M8-2ms",
        "Standard_M8-4ms",
        "Standard_M8ms",
        "Standard_M16-4ms",
        "Standard_M16-8ms",
        "Standard_M16ms",
        "Standard_M32-8ms",
        "Standard_M32-16ms",
        "Standard_M32ls",
        "Standard_M32ms",
        "Standard_M32ts",
        "Standard_M64-16ms",
        "Standard_M64-32ms",
        "Standard_M64ls",
        "Standard_M64ms",
        "Standard_M64s",
        "Standard_M128-32ms",
        "Standard_M128-64ms",
        "Standard_M128ms",
        "Standard_M128s",
        "Standard_M32ms_v2",
        "Standard_M64ms_v2",
        "Standard_M64s_v2",
        "Standard_M128ms_v2",
        "Standard_M128s_v2",
        "Standard_M192ims_v2",
        "Standard_M192is_v2",
        "Standard_M32dms_v2",
        "Standard_M64dms_v2",
        "Standard_M64ds_v2",
        "Standard_M128dms_v2",
        "Standard_M128ds_v2",
        "Standard_M192idms_v2",
        "Standard_M192ids_v2",
        "Standard_F2s_v2",
        "Standard_F4s_v2",
        "Standard_F8s_v2",
        "Standard_F16s_v2",
        "Standard_F32s_v2",
        "Standard_F48s_v2",
        "Standard_F64s_v2",
        "Standard_F72s_v2",
        "Standard_NV4as_v4",
        "Standard_NV8as_v4",
        "Standard_NV16as_v4",
        "Standard_NV32as_v4",
        "Standard_E80is_v4",
        "Standard_E80ids_v4",
        "Standard_A0",
        "Standard_A1",
        "Standard_A2",
        "Standard_A3",
        "Standard_A5",
        "Standard_A4",
        "Standard_A6",
        "Standard_A7",
        "Basic_A0",
        "Basic_A1",
        "Basic_A2",
        "Basic_A3",
        "Basic_A4",
        "Standard_DC8_v2",
        "Standard_DC1s_v2",
        "Standard_DC2s_v2",
        "Standard_DC4s_v2",
        "Standard_D1",
        "Standard_D2",
        "Standard_D3",
        "Standard_D4",
        "Standard_D11",
        "Standard_D12",
        "Standard_D13",
        "Standard_D14",
        "Standard_DS1",
        "Standard_DS2",
        "Standard_DS3",
        "Standard_DS4",
        "Standard_DS11",
        "Standard_DS12",
        "Standard_DS13",
        "Standard_DS14",
        "Standard_L8s_v2",
        "Standard_L16s_v2",
        "Standard_L32s_v2",
        "Standard_L48s_v2",
        "Standard_L64s_v2",
        "Standard_L80s_v2",
        "Standard_D2a_v4",
        "Standard_D4a_v4",
        "Standard_D8a_v4",
        "Standard_D16a_v4",
        "Standard_D32a_v4",
        "Standard_D48a_v4",
        "Standard_D64a_v4",
        "Standard_D96a_v4",
        "Standard_D2as_v4",
        "Standard_D4as_v4",
        "Standard_D8as_v4",
        "Standard_D16as_v4",
        "Standard_D32as_v4",
        "Standard_D48as_v4",
        "Standard_D64as_v4",
        "Standard_D96as_v4",
        "Standard_E2a_v4",
        "Standard_E4a_v4",
        "Standard_E8a_v4",
        "Standard_E16a_v4",
        "Standard_E20a_v4",
        "Standard_E32a_v4",
        "Standard_E48a_v4",
        "Standard_E64a_v4",
        "Standard_E96a_v4",
        "Standard_E2as_v4",
        "Standard_E4-2as_v4",
        "Standard_E4as_v4",
        "Standard_E8-2as_v4",
        "Standard_E8-4as_v4",
        "Standard_E8as_v4",
        "Standard_E16-4as_v4",
        "Standard_E16-8as_v4",
        "Standard_E16as_v4",
        "Standard_E20as_v4",
        "Standard_E32-8as_v4",
        "Standard_E32-16as_v4",
        "Standard_E32as_v4",
        "Standard_E48as_v4",
        "Standard_E64-16as_v4",
        "Standard_E64-32as_v4",
        "Standard_E64as_v4",
        "Standard_E96-24as_v4",
        "Standard_E96-48as_v4",
        "Standard_E96as_v4",
        "Standard_E96ias_v4",
        "Standard_H8",
        "Standard_H8_Promo",
        "Standard_H16",
        "Standard_H16_Promo",
        "Standard_H8m",
        "Standard_H8m_Promo",
        "Standard_H16m",
        "Standard_H16m_Promo",
        "Standard_H16r",
        "Standard_H16r_Promo",
        "Standard_H16mr",
        "Standard_H16mr_Promo",
        "Standard_NC6s_v3",
        "Standard_NC12s_v3",
        "Standard_NC24rs_v3",
        "Standard_NC24s_v3",
        "Standard_M208ms_v2",
        "Standard_M208s_v2",
        "Standard_M416-208s_v2",
        "Standard_M416s_v2",
        "Standard_M416-208ms_v2",
        "Standard_M416ms_v2",
        "Standard_HB120rs_v2",
        "Standard_NV6s_v2",
        "Standard_NV12s_v2",
        "Standard_NV24s_v2",
        "Standard_NV12s_v3",
        "Standard_NV24s_v3",
        "Standard_NV48s_v3",
        "Standard_HC44-16rs",
        "Standard_HC44-32rs",
        "Standard_HC44rs",
        "Standard_NV6",
        "Standard_NV12",
        "Standard_NV24",
        "Standard_NV6_Promo",
        "Standard_NV12_Promo",
        "Standard_NV24_Promo",
        "Standard_NC4as_T4_v3",
        "Standard_NC8as_T4_v3",
        "Standard_NC16as_T4_v3",
        "Standard_NC64as_T4_v3",
        "Standard_NC6",
        "Standard_NC12",
        "Standard_NC24",
        "Standard_NC24r",
        "Standard_NC6_Promo",
        "Standard_NC12_Promo",
        "Standard_NC24_Promo",
        "Standard_NC24r_Promo",
        "Standard_DC1s_v3",
        "Standard_DC2s_v3",
        "Standard_DC4s_v3",
        "Standard_DC8s_v3",
        "Standard_DC16s_v3",
        "Standard_DC24s_v3",
        "Standard_DC32s_v3",
        "Standard_DC48s_v3",
        "Standard_DC1ds_v3",
        "Standard_DC2ds_v3",
        "Standard_DC4ds_v3",
        "Standard_DC8ds_v3",
        "Standard_DC16ds_v3",
        "Standard_DC24ds_v3",
        "Standard_DC32ds_v3",
        "Standard_DC48ds_v3"
      ]
    },

    "niccount": {
      "type": "string",
      "metadata": {
      "description": "Single Nic or Multi Nic"
      },
      "allowedValues": [
        "single",
        "multiple"
      ]
    },

    "sku": {
      "type": "string",
      "metadata": {
      "description": "Citrix Product Edition"
      },
      "allowedValues": [
        "netscalerbyol",
        "netscaler10standard",
        "netscaler10enterprise",
        "netscaler10platinum",
        "netscaler200standard",
        "netscaler200enterprise",
        "netscaler200platinum",
        "netscaler1000standard",
        "netscaler1000enterprise",
        "netscaler1000platinum",
        "netscaler3000standard",
        "netscaler3000enterprise",
        "netscaler3000platinum",
        "netscaler5000standard",
        "netscaler5000enterprise",
        "netscaler5000platinum",
        "adm-onprem-agent"
      ]
    },

    "product": {
      "type": "string",
      "metadata": {
      "description": "Citrix Product"
      },
      "allowedValues": [
        "netscalervpx-131",
        "netscalervpx-130",
        "netscalervpx-121",
        "adm-onprem-agent-131"
      ]
    },

    "username": {
      "type": "string",
      "metadata": {
      "description": "Username For VM"
      }
    },

    "password": {
      "type": "securestring",
      "metadata": {
      "description": "Password For VM"
      }
    },

    "subnet": {
      "type": "string",
      "defaultValue": "restricted",
      "metadata": {
      "description": "subnet name"
       },
      "allowedValues": [
        "restricted",
        "secured",
        "controlled"
      ]
    },

    "allow-all-asg": {
      "type": "string",
      "defaultValue": "No",
      "metadata": {
      "description": "allow all asg is required?"
       },
      "allowedValues": [
        "Yes",
        "No"
      ]
    },

    "zone": {
      "type": "string",
      "defaultValue": "1",
      "metadata": {
      "description": "Availability Zone"
       },
      "allowedValues": [
        "1",
        "2",
        "3"
      ]
    },

    "TagOperationalPeriod": {
      "type": "string",
      "defaultValue": "D:8PM:6AM",
      "metadata": {
      "description": "Operation Hours"
      },
      "allowedValues": [
        "D:8PM:6AM",
        "24*7"
      ]
    },

    "TagEnvironment": {
      "type": "string",
      "defaultValue": "Development",
      "metadata": {
      "description": "Environment"
      },
      "allowedValues": [
        "Production",
        "Test",
        "Development",
        "User Acceptance Testing"
      ]
    },

    "TagBusinessOwner": {
      "type": "string",
      "metadata": {
      "description": "Business Owner"
      },
      "allowedValues": [
        "Digital",
        "Data & Analytics",
        "Finance",
        "LegalOps",
        "CMG",
        "Talent",
        "Corporate Services",
        "Risk",
        "PMO",
        "ITN"
      ]
    },

    "TagCreator": {
      "type": "string",
      "metadata": {
      "description": "Creator"
      }
    },

    "TagDescription": {
      "type": "string",
      "metadata": {
      "description": "Description"
      }
    },

    "TagChangeRequest": {
      "type": "string",
      "metadata": {
      "description": "Change Request Number"
      }
    },

    "TagTechnicalOwner": {
      "type": "string",
      "metadata": {
      "description": "Technical Owner"
      }
    },
    
    "TagAlarms": {
      "type": "string",
      "defaultValue": "Yes",
      "metadata": {
      "description": "Required Auto Alarms"
      },
      "allowedValues": [
        "Yes",
        "No"
      ]
    },

    "TagApplyBackup": {
      "type": "string",
      "defaultValue": "Yes",
      "metadata": {
      "description": "Backup Required?"
      },
      "allowedValues": [
        "Yes",
        "No"
      ]
    }

  },

  "variables": {

    "nicname": "[concat(parameters('vmname'), '-nic')]",
    "nsgname": "[concat(variables('subscriptionname'), '-application-nsg')]",
    "appasgname": "[concat(parameters('vmname'), '-asg')]",
    "mgmtasgname": "[concat(variables('subscriptionname'), '-management-asg')]",
    "allowallasgname": "[concat(variables('subscriptionname'), '-allow-all-asg')]",     
    "subscriptionname":  "[subscription().displayName]",
    "subscription":  "[replace(subscription().displayName,'-', '')]",
    "bootdiagnosticstorageaccountname":  "[concat(variables('subscription'), 'sa')]",
    "vnetname":  "[concat(variables('subscriptionname'), '-vnet')]",
    "subnetname": "[concat(variables('subscriptionname'), '-', parameters('subnet'), '-subnet')]",
    "vnetresourcegroup": "[concat(variables('subscriptionname'), '-network-rg')]",
    "multinic": [
      {
        "id": "[concat(resourceId('Microsoft.Network/networkInterfaces', parameters('vmname')), '-mgt-nic')]",
        "properties": {
          "primary": true
        }
      },
      {
        "id": "[concat(resourceId('Microsoft.Network/networkInterfaces', parameters('vmname')), '-int-nic')]",
        "properties": {
          "primary": false
        }
      },
      {
        "id": "[concat(resourceId('Microsoft.Network/networkInterfaces', parameters('vmname')), '-ext-nic')]",
        "properties": {
          "primary": false
        }
      }                  
    ],
    "singlenic": [
      {
        "id": "[resourceId('Microsoft.Network/networkInterfaces', variables('nicname'))]"
      }                  
    ],
    "allowallasg": [
      {
        "id": "[concat(resourceId(variables('vnetresourcegroup'), 'Microsoft.Network/applicationSecurityGroups', variables('mgmtasgname')))]",
        "location": "[resourceGroup().location]",
        "properties": {}
      },
      {
        "id": "[concat(resourceId(variables('vnetresourcegroup'), 'Microsoft.Network/applicationSecurityGroups', variables('allowallasgname')))]",
        "location": "[resourceGroup().location]",
        "properties": {}
      },
      {
        "id": "[resourceId('Microsoft.Network/applicationSecurityGroups', variables('appasgname'))]",
        "location": "[resourceGroup().location]",
        "properties": {}
      }                  
    ],
    "mgmtasg": [
      {
        "id": "[concat(resourceId(variables('vnetresourcegroup'), 'Microsoft.Network/applicationSecurityGroups', variables('mgmtasgname')))]",
        "location": "[resourceGroup().location]",
        "properties": {}
      }                 
    ],
    "networksecuritygroup": {
      "id": "[concat(resourceId(variables('vnetresourcegroup'), 'Microsoft.Network/networkSecurityGroups', variables('nsgname')))]"
    },
    "azArray": "[split(parameters('zone'), ',')]",
    "azArrayLength": "[length(variables('azArray'))]"
  },
  
  "resources": [

    {
      "type": "Microsoft.Network/applicationSecurityGroups",
      "apiVersion": "2021-05-01",
      "name": "[variables('appasgname')]",
      "location": "[resourceGroup().location]",
      "tags": {
        "Description": "[parameters('TagDescription')]",	  
        "Environment": "[parameters('TagEnvironment')]", 
        "BusinessOwner": "[parameters('TagBusinessOwner')]",  
        "Creator": "[parameters('TagCreator')]",  
        "ChangeRequest": "[parameters('TagChangeRequest')]", 
        "TechnicalOwner": "[parameters('TagTechnicalOwner')]"
      },
      "properties": {}
    },

    {
      "condition": "[equals(parameters('niccount'), 'single')]",
      "type": "Microsoft.Network/networkInterfaces",
      "apiVersion": "2021-02-01",
      "name": "[variables('nicname')]",
      "location": "[resourceGroup().location]",
      "tags": { 
        "Description": "[parameters('TagDescription')]",	  
        "Environment": "[parameters('TagEnvironment')]", 
        "BusinessOwner": "[parameters('TagBusinessOwner')]",  
        "Creator": "[parameters('TagCreator')]",  
        "ChangeRequest": "[parameters('TagChangeRequest')]", 
        "TechnicalOwner": "[parameters('TagTechnicalOwner')]"
      },
      "properties": {
        "ipConfigurations": [
          {
            "name": "[concat(parameters('vmname'), '-ipprimary')]",
            "properties": {
              "privateIPAllocationMethod": "Dynamic",
              "subnet": {
                "id": "[concat(resourceId(variables('vnetresourcegroup'), 'Microsoft.Network/virtualNetworks/subnets', variables('vnetname'), variables('subnetname')))]"
              },
              "applicationSecurityGroups": "[if(equals(parameters('allow-all-asg'),'No'), variables('mgmtasg'), variables('allowallasg'))]"
            }
          }
        ],
        "networkSecurityGroup": "[if(equals(parameters('allow-all-asg'),'No'), json('null'), variables('networksecuritygroup'))]"
      },
      "dependsOn": [
        "[resourceId('Microsoft.Network/applicationSecurityGroups', variables('appasgname'))]"
      ]
    },

    {
      "condition": "[equals(parameters('niccount'), 'multiple')]",
      "type": "Microsoft.Network/networkInterfaces",
      "apiVersion": "2021-02-01",
      "name": "[concat(parameters('vmname'), '-mgt-nic')]",
      "location": "[resourceGroup().location]",
      "tags": { 
        "Description": "[parameters('TagDescription')]",	  
        "Environment": "[parameters('TagEnvironment')]", 
        "BusinessOwner": "[parameters('TagBusinessOwner')]",  
        "Creator": "[parameters('TagCreator')]",  
        "ChangeRequest": "[parameters('TagChangeRequest')]", 
        "TechnicalOwner": "[parameters('TagTechnicalOwner')]"
      },
      "properties": {
        "ipConfigurations": [
          {
            "name": "[concat(parameters('vmname'), '-ipprimary')]",
            "properties": {
              "privateIPAllocationMethod": "Dynamic",
              "primary": "true",
              "subnet": {
                "id": "[concat(resourceId(variables('vnetresourcegroup'), 'Microsoft.Network/virtualNetworks/subnets', variables('vnetname'), variables('subnetname')))]"
              },
              "applicationSecurityGroups": "[if(equals(parameters('allow-all-asg'),'No'), variables('mgmtasg'), variables('allowallasg'))]"
            }
          },
          {
            "name": "[concat(parameters('vmname'), '-ipsecondary')]",
            "properties": {
              "privateIPAllocationMethod": "Dynamic",
              "primary": "false",
              "subnet": {
                "id": "[concat(resourceId(variables('vnetresourcegroup'), 'Microsoft.Network/virtualNetworks/subnets', variables('vnetname'), variables('subnetname')))]"
              },
              "applicationSecurityGroups": "[if(equals(parameters('allow-all-asg'),'No'), variables('mgmtasg'), variables('allowallasg'))]"
            }
          }
        ],
        "networkSecurityGroup": "[if(equals(parameters('allow-all-asg'),'No'), json('null'), variables('networksecuritygroup'))]"
      },
      "dependsOn": [
        "[resourceId('Microsoft.Network/applicationSecurityGroups', variables('appasgname'))]"
      ]
    },

    {
      "condition": "[equals(parameters('niccount'), 'multiple')]",
      "type": "Microsoft.Network/networkInterfaces",
      "apiVersion": "2021-02-01",
      "name": "[concat(parameters('vmname'), '-int-nic')]",
      "location": "[resourceGroup().location]",
      "tags": { 
        "Description": "[parameters('TagDescription')]",	  
        "Environment": "[parameters('TagEnvironment')]", 
        "BusinessOwner": "[parameters('TagBusinessOwner')]",  
        "Creator": "[parameters('TagCreator')]",  
        "ChangeRequest": "[parameters('TagChangeRequest')]", 
        "TechnicalOwner": "[parameters('TagTechnicalOwner')]"
      },
      "properties": {
        "ipConfigurations": [
          {
            "name": "[concat(parameters('vmname'), '-ipprimary')]",
            "properties": {
              "privateIPAllocationMethod": "Dynamic",
              "subnet": {
                "id": "[concat(resourceId(variables('vnetresourcegroup'), 'Microsoft.Network/virtualNetworks/subnets', variables('vnetname'), variables('subnetname')))]"
              },
              "applicationSecurityGroups": "[if(equals(parameters('allow-all-asg'),'No'), variables('mgmtasg'), variables('allowallasg'))]"
            }
          }
        ],
        "networkSecurityGroup": "[if(equals(parameters('allow-all-asg'),'No'), json('null'), variables('networksecuritygroup'))]"
      },
      "dependsOn": [
        "[resourceId('Microsoft.Network/applicationSecurityGroups', variables('appasgname'))]"
      ]
    },

    {
      "condition": "[equals(parameters('niccount'), 'multiple')]",
      "type": "Microsoft.Network/networkInterfaces",
      "apiVersion": "2021-02-01",
      "name": "[concat(parameters('vmname'), '-ext-nic')]",
      "location": "[resourceGroup().location]",
      "tags": { 
        "Description": "[parameters('TagDescription')]",	  
        "Environment": "[parameters('TagEnvironment')]", 
        "BusinessOwner": "[parameters('TagBusinessOwner')]",  
        "Creator": "[parameters('TagCreator')]",  
        "ChangeRequest": "[parameters('TagChangeRequest')]", 
        "TechnicalOwner": "[parameters('TagTechnicalOwner')]"
      },
      "properties": {
        "ipConfigurations": [
          {
            "name": "[concat(parameters('vmname'), '-ipprimary')]",
            "properties": {
              "privateIPAllocationMethod": "Dynamic",
              "subnet": {
                "id": "[concat(resourceId(variables('vnetresourcegroup'), 'Microsoft.Network/virtualNetworks/subnets', variables('vnetname'), variables('subnetname')))]"
              },
              "applicationSecurityGroups": "[if(equals(parameters('allow-all-asg'),'No'), variables('mgmtasg'), variables('allowallasg'))]"
            }
          }
        ],
        "networkSecurityGroup": "[if(equals(parameters('allow-all-asg'),'No'), json('null'), variables('networksecuritygroup'))]"
      },
      "dependsOn": [
        "[resourceId('Microsoft.Network/applicationSecurityGroups', variables('appasgname'))]"
      ]
    },

    {
      "type": "Microsoft.Compute/virtualMachines",
      "apiVersion": "2021-03-01",
      "name": "[parameters('vmname')]",
      "location": "[resourceGroup().location]",
      "zones":"[if(equals(length(parameters('zone')), 0), json('null'), array(variables('azArray')))]",
      "plan": {
        "name": "[parameters('sku')]",
        "publisher": "citrix",
        "product": "[parameters('product')]"
      },
      "tags": { 
        "Description": "[parameters('TagDescription')]",	  
        "Environment": "[parameters('TagEnvironment')]", 
        "BusinessOwner": "[parameters('TagBusinessOwner')]",  
        "Creator": "[parameters('TagCreator')]",  
        "ChangeRequest": "[parameters('TagChangeRequest')]", 
        "TechnicalOwner": "[parameters('TagTechnicalOwner')]",
        "OperationalPeriod": "[parameters('TagOperationalPeriod')]",		
        "Alarms": "[parameters('TagAlarms')]", 
        "ApplyBackup": "[parameters('TagApplyBackup')]"
      },
      "identity": {
        "type": "userAssigned",
        "userAssignedIdentities": {
            "['/subscriptions/c48f0b57-7bfa-42a6-906e-74e7f28597fe/resourceGroups/meaz-prd-shd-inf-security-rg/providers/Microsoft.ManagedIdentity/userAssignedIdentities/meaz-prd-shd-inf-kv-usr-mid']": {}  
          }
        },
      "properties": {
        "hardwareProfile": {
          "vmSize": "[parameters('vmsize')]"
        },
        "osProfile": {
          "computerName": "[parameters('vmname')]",
          "adminUsername": "[parameters('username')]",
          "adminPassword": "[parameters('password')]",
          "linuxConfiguration": {
            "patchSettings": {
                "patchMode": "ImageDefault"
            }
        }
        },
        "storageProfile": {
          "imageReference": {
            "publisher": "citrix",
            "offer": "[parameters('product')]",
            "sku": "[parameters('sku')]",
            "version": "latest"
          },
          "osDisk": {
            "name": "[concat(parameters('vmname'),'-osdisk')]",
            "createOption": "FromImage",
            "managedDisk": {
              "storageAccountType": "StandardSSD_LRS"
            }
          }
        },
        "networkProfile": {
          "networkInterfaces": "[if(equals(parameters('niccount'),'multiple'), variables('multinic'), variables('singlenic'))]"
        },
        "diagnosticsProfile": {
          "bootDiagnostics": {
              "enabled": "true",
              "storageUri": "[concat('http://',variables('bootdiagnosticstorageaccountname'),'.blob.core.windows.net')]"
          }
        }
      },
      "dependsOn": []
    }
  ],

  "outputs": {}
}