{
    "$schema": "https://schema.management.azure.com/schemas/2015-01-01/deploymentTemplate.json#",
    "contentVersion": "1.0.0.0",

    "parameters": {

      "vmname": {
        "type": "string",
        "metadata": {
        "description": "VM Name"
        }
      },

      "subnet": {
        "type": "string",
        "defaultValue": "restricted",
        "metadata": {
        "description": "subnet name"
         },
        "allowedValues": [
          "restricted",
          "secured",
          "controlled"
        ]
      },

      "allow-all-asg": {
        "type": "string",
        "defaultValue": "No",
        "metadata": {
        "description": "allow all asg is required?"
         },
        "allowedValues": [
          "Yes",
          "No"
        ]
      },

      "TagOperationalPeriod": {
        "type": "string",
		    "defaultValue": "D:8PM:6AM",
        "metadata": {
        "description": "Operation Hours"
        },
        "allowedValues": [
          "D:8PM:6AM",
          "24*7"
        ]
      },

      "TagEnvironment": {
        "type": "string",
        "defaultValue": "Development",
        "metadata": {
        "description": "Environment"
        },
        "allowedValues": [
          "Production",
          "Test",
          "Development",
          "User Acceptance Testing"
        ]
      },

      "TagBusinessOwner": {
        "type": "string",
        "metadata": {
        "description": "Business Owner"
        },
        "allowedValues": [
          "Digital",
          "Data & Analytics",
          "Finance",
          "LegalOps",
          "CMG",
          "Talent",
          "Corporate Services",
          "Risk",
          "PMO",
          "ITN"
        ]
      },

      "TagCreator": {
        "type": "string",
        "metadata": {
        "description": "Creator"
        }
      },

      "TagDescription": {
        "type": "string",
        "metadata": {
        "description": "Description"
        }
      },

      "TagChangeRequest": {
        "type": "string",
        "metadata": {
        "description": "Change Request Number"
        }
      },

      "TagTechnicalOwner": {
        "type": "string",
        "metadata": {
        "description": "Technical Owner"
        }
      },
      
      "TagAlarms": {
        "type": "string",
		    "defaultValue": "Yes",
        "metadata": {
        "description": "Required Auto Alarms"
        },
        "allowedValues": [
          "Yes",
          "No"
        ]
      },

      "TagApplyBackup": {
        "type": "string",
		    "defaultValue": "Yes",
        "metadata": {
        "description": "Backup Required?"
        },
        "allowedValues": [
          "Yes",
          "No"
        ]
      }

    },

    "variables": {

      "nicname": "[concat(parameters('vmname'), '-nic')]",
      "nsgname": "[concat(variables('subscriptionname'), '-application-nsg')]",
      "appasgname": "[concat(parameters('vmname'), '-asg')]",
      "mgmtasgname": "[concat(variables('subscriptionname'), '-management-asg')]",
      "allowallasgname": "[concat(variables('subscriptionname'), '-allow-all-asg')]",
      "subscriptionname":  "[subscription().displayName]",
      "subscription":  "[replace(subscription().displayName,'-', '')]",
      "vnetname":  "[concat(variables('subscriptionname'), '-vnet')]",
      "subnetname": "[concat(variables('subscriptionname'), '-', parameters('subnet'), '-subnet')]",
      "vnetresourcegroup": "[concat(variables('subscriptionname'), '-network-rg')]",
      "allowallasg": [
        {
          "id": "[concat(resourceId(variables('vnetresourcegroup'), 'Microsoft.Network/applicationSecurityGroups', variables('mgmtasgname')))]",
          "location": "[resourceGroup().location]",
          "properties": {}
        },
        {
          "id": "[concat(resourceId(variables('vnetresourcegroup'), 'Microsoft.Network/applicationSecurityGroups', variables('allowallasgname')))]",
          "location": "[resourceGroup().location]",
          "properties": {}
        },
        {
          "id": "[resourceId('Microsoft.Network/applicationSecurityGroups', variables('appasgname'))]",
          "location": "[resourceGroup().location]",
          "properties": {}
        }                  
      ],
      "mgmtasg": [
        {
          "id": "[concat(resourceId(variables('vnetresourcegroup'), 'Microsoft.Network/applicationSecurityGroups', variables('mgmtasgname')))]",
          "location": "[resourceGroup().location]",
          "properties": {}
        },
        {
          "id": "[resourceId('Microsoft.Network/applicationSecurityGroups', variables('appasgname'))]",
          "location": "[resourceGroup().location]",
          "properties": {}
        }                  
      ],
      "networksecuritygroup": {
        "id": "[concat(resourceId(variables('vnetresourcegroup'), 'Microsoft.Network/networkSecurityGroups', variables('nsgname')))]"
      }
    },
    
    "resources": [

      {
        "type": "Microsoft.Network/applicationSecurityGroups",
        "apiVersion": "2021-05-01",
        "name": "[variables('appasgname')]",
        "location": "[resourceGroup().location]",
        "tags": {
          "Description": "[parameters('TagDescription')]",	  
          "Environment": "[parameters('TagEnvironment')]", 
          "BusinessOwner": "[parameters('TagBusinessOwner')]",  
          "Creator": "[parameters('TagCreator')]",  
          "ChangeRequest": "[parameters('TagChangeRequest')]", 
          "TechnicalOwner": "[parameters('TagTechnicalOwner')]"
        },
        "properties": {}
      },
      
      {
        "type": "Microsoft.Network/networkInterfaces",
        "apiVersion": "2021-03-01",
        "name": "[variables('nicname')]",
        "location": "[resourceGroup().location]",
        "tags": { 
          "Description": "[parameters('TagDescription')]",	  
          "Environment": "[parameters('TagEnvironment')]",  
          "BusinessOwner": "[parameters('TagBusinessOwner')]",  
          "Creator": "[parameters('TagCreator')]",  
          "ChangeRequest": "[parameters('TagChangeRequest')]", 
          "TechnicalOwner": "[parameters('TagTechnicalOwner')]"
        },
        "properties": {
          "ipConfigurations": [
            {
              "name": "[concat(parameters('vmname'), '-ipprimary')]",
              "properties": {
                "privateIPAllocationMethod": "Dynamic",
                "subnet": {
                  "id": "[concat(resourceId(variables('vnetresourcegroup'), 'Microsoft.Network/virtualNetworks/subnets', variables('vnetname'), variables('subnetname')))]"
                },
                "applicationSecurityGroups": "[if(equals(parameters('allow-all-asg'),'No'), variables('mgmtasg'), variables('allowallasg'))]"
              }
            }
          ],
          "networkSecurityGroup": "[if(equals(parameters('allow-all-asg'),'No'), json('null'), variables('networksecuritygroup'))]"
        },
        "dependsOn": [
          "[resourceId('Microsoft.Network/applicationSecurityGroups', variables('appasgname'))]"
        ]
      }
    ],

    "outputs": {}
}